{"cameraMode":{"drawMode":0,"name":"Shaded","section":"Shading Mode"},"sceneLighting":false,"audioPlay":false,"sceneViewState":{"m_AlwaysRefresh":false,"showFog":true,"showSkybox":false,"showFlares":true,"showImageEffects":true,"showParticleSystems":true,"showVisualEffectGraphs":true,"m_FxEnabled":true},"in2DMode":false,"pivot":{"x":-0.4897768795490265,"y":0.19140487909317017,"z":-0.0932619571685791},"rotation":{"x":0.12694181501865388,"y":0.057396300137043,"z":-0.007358064875006676,"w":0.9902222156524658},"size":1.7485898733139039,"orthographic":false}