{"cameraMode":{"drawMode":0,"name":"Shaded","section":"Shading Mode"},"sceneLighting":true,"audioPlay":false,"sceneViewState":{"m_AlwaysRefresh":false,"showFog":true,"showSkybox":true,"showFlares":true,"showImageEffects":true,"showParticleSystems":true,"showVisualEffectGraphs":true,"m_FxEnabled":true},"in2DMode":false,"pivot":{"x":11.837492942810059,"y":1.0127294063568116,"z":-12.023604393005371},"rotation":{"x":0.10406475514173508,"y":-0.11816638708114624,"z":0.012452958151698113,"w":0.9874491691589356},"size":0.6086838245391846,"orthographic":false}