{"cameraMode":{"drawMode":0,"name":"Shaded","section":"Shading Mode"},"sceneLighting":true,"audioPlay":false,"sceneViewState":{"m_AlwaysRefresh":false,"showFog":true,"showSkybox":true,"showFlares":true,"showImageEffects":true,"showParticleSystems":true,"showVisualEffectGraphs":true,"m_FxEnabled":true},"in2DMode":false,"pivot":{"x":9.262889862060547,"y":5.100907802581787,"z":-17.23455047607422},"rotation":{"x":0.20664586126804353,"y":-0.05661267414689064,"z":0.011977827176451683,"w":0.9767032861709595},"size":0.02957264892756939,"orthographic":false}